mod,name,display_name,answered_qs,positive_qs,final_candidate_count,hit,final_candidates
Vanilla,Crewmate,クルーメイト,5,0,2,True,Crewmate|Engineer
Vanilla,Impostor,インポスター,3,1,2,True,Impostor|Viper
Vanilla,Engineer,エンジニア,5,1,2,True,Crewmate|Engineer
Vanilla,Scientist,科学者,4,1,1,True,Scientist
Vanilla,Guardian Angel,守護天使,4,2,1,True,Guardian Angel
Vanilla,Shapeshifter,シェイプシフター,2,2,1,True,Shapeshifter
Vanilla,Noisemaker,ノイズメーカー,5,0,2,True,Crewmate|Noisemaker
Vanilla,Tracker,トラッカー,2,1,2,True,Tracker|Detective
Vanilla,Phantom,ファントム,2,2,2,True,Shapeshifter|Phantom
Vanilla,Detective,探偵,2,2,2,True,Tracker|Detective
Vanilla,Viper,ヴァイパー,2,0,2,True,Impostor|Viper
TOH,GM,ゲームマスター,6,1,1,True,GM
TOH,BountyHunter,バウンティハンター,7,3,1,True,BountyHunter
TOH,EvilHacker,イビルハッカー,4,3,2,True,EvilHacker|EvilTracker
TOH,EvilTracker,イビルトラッカー,4,3,2,True,EvilHacker|EvilTracker
TOH,FireWorks,花火職人,6,2,2,True,FireWorks|Sniper
TOH,Insider,インサイダー,7,1,2,True,Insider|Mafia
TOH,Mare,メアー,7,2,2,True,Mare|Stealth
TOH,Neko-Kabocha,ネコカボチャ,7,3,1,True,Neko-Kabocha
TOH,Penguin,ペンギン,8,2,2,True,Penguin|Puppeteer
TOH,Puppeteer,パペッティア,8,2,2,True,Puppeteer|Warlock
TOH,SerialKiller,シリアルキラー,5,3,1,True,SerialKiller
TOH,ShapeMaster,シェイプマスター,6,2,2,True,FireWorks|ShapeMaster
TOH,Sniper,スナイパー,6,2,2,True,FireWorks|Sniper
TOH,Stealth,ステルス,8,1,2,True,Stealth|Mafia
TOH,TimeThief,タイムシーフ,7,2,2,True,Neko-Kabocha|TimeThief
TOH,Vampire,ヴァンパイア,6,4,1,True,Vampire
TOH,Warlock,ウォーロック,8,3,1,True,Warlock
TOH,Witch,魔女,7,3,2,True,TimeThief|Witch
TOH,Mafia,マフィア,8,1,2,True,Stealth|Mafia
TOH,Madmate,マッドメイト,7,2,2,True,Madmate|SidekickMadmate
TOH,MadGuardian,マッドガーディアン,6,2,1,True,MadGuardian
TOH,MadSnitch,マッドスニッチ,7,1,1,True,MadSnitch
TOH,SidekickMadmate,サイドキックマッドメイト,7,2,2,True,Madmate|SidekickMadmate
TOH,Bait,ベイト,10,2,2,True,Bait|Trapper
TOH,Dictator,ディクテーター,7,2,2,True,Dictator|Mayor
TOH,Doctor,ドクター,8,3,1,True,Doctor
TOH,Lighter,ライター,8,2,2,True,Lighter|SpeedBooster
TOH,Mayor,メイヤー,7,2,2,True,Dictator|Mayor
TOH,SabotageMaster,サボタージュマスター,11,1,2,True,SabotageMaster|Trapper
TOH,Seer,シーア,8,3,1,True,Seer
TOH,Sheriff,シェリフ,7,2,1,True,Sheriff
TOH,Snitch,スニッチ,8,3,1,True,Snitch
TOH,SpeedBooster,スピードブースター,11,2,2,True,Lighter|SpeedBooster
TOH,Trapper,トラッパー,9,2,2,True,Bait|Trapper
TOH,TimeManager,タイムマネージャー,8,3,1,True,TimeManager
TOH,Arsonist,アーソニスト,7,3,2,True,Arsonist|Egoist
TOH,Egoist,エゴイスト,6,3,2,True,Arsonist|Egoist
TOH,Executioner,エクスキューショナー,7,2,1,True,Executioner
TOH,Jackal,ジャッカル,6,1,1,True,Jackal
TOH,Jester,ジェスター,7,2,1,True,Jester
TOH,Opportunist,オポチュニスト,7,2,1,True,Opportunist
TOH,PlagueDoctor,ペスト医師,9,2,2,True,PlagueDoctor|Terrorist
TOH,SchrodingerCat,シュレディンガーの猫,9,1,1,True,SchrodingerCat
TOH,Terrorist,テロリスト,9,2,2,True,PlagueDoctor|Terrorist
TOH,LastImpostor,ラストインポスター,7,1,2,True,LastImpostor|Watcher
TOH,Lovers,恋人,5,3,2,True,Lovers|Workhorse
TOH,Watcher,ウォッチャー,7,1,2,True,LastImpostor|Watcher
TOH,Workhorse,ワークホース,6,1,1,True,Workhorse
SNR,SNR_Kani,カニ,9,3,1,True,SNR_Kani
SNR,SNR_Nuun,ぬーん,8,4,2,True,SNR_Nuun|SNR_Teleporter
SNR,SNR_EvilGambler,イビルギャンブラー,7,5,1,True,SNR_EvilGambler
SNR,SNR_EvilGuesser,イビルゲッサー,9,3,1,True,SNR_EvilGuesser
SNR,SNR_EvilScientist,イビルサイエンティスト,7,4,1,True,SNR_EvilScientist
SNR,SNR_EvilSeer,イビルシーア,8,4,1,True,SNR_EvilSeer
SNR,SNR_EvilSpeedBooster,イビルスピードブースター,8,3,1,True,SNR_EvilSpeedBooster
SNR,SNR_EvilDoor,イビルドアー,10,3,1,True,SNR_EvilDoor
SNR,SNR_EvilNekomata,イビル猫又,8,2,2,True,SNR_EvilNekomata|SNR_NekoKabocha
SNR,SNR_EvilMechanic,イビルメカニック,12,2,1,True,SNR_EvilMechanic
SNR,SNR_EvilHacker,イビルハッカー,8,3,2,True,SNR_EvilHacker|SNR_ShiftActor
SNR,SNR_EvilButtoner,イビルボタナー,8,4,1,True,SNR_EvilButtoner
SNR,SNR_Camouflager,カモフラージャー,8,4,1,True,SNR_Camouflager
SNR,SNR_SideKiller,サイドキラー,11,5,1,True,SNR_SideKiller
SNR,SNR_MadKiller,マッドキラー,6,2,2,True,SNR_MadKiller|SNR_Baketanuki
SNR,SNR_ShiftActor,シフトアクター,9,3,1,True,SNR_ShiftActor
SNR,SNR_SerialKiller,シリアルキラー,7,5,1,True,SNR_SerialKiller
SNR,SNR_SuicideWisher,スーサイドウィッシャー,10,3,1,True,SNR_SuicideWisher
SNR,SNR_DarkKiller,ダークキラー,7,4,2,True,SNR_DarkKiller|SNR_DoubleKiller
SNR,SNR_DoubleKiller,ダブルキラー,7,4,2,True,SNR_DoubleKiller|SNR_Doppelganger
SNR,SNR_DimensionWalker,ディメンションウォーカー,10,2,2,True,SNR_DimensionWalker|SNR_Finder
SNR,SNR_Teleporter,テレポーター,7,4,2,True,SNR_Nuun|SNR_Teleporter
SNR,SNR_Doppelganger,ドッペルゲンガー,7,6,1,True,SNR_Doppelganger
SNR,SNR_Necromancer,ネクロマンサー,8,2,2,True,SNR_Necromancer|SNR_Orpheus
SNR,SNR_Revenant,レヴェナント,8,2,1,True,SNR_Revenant
SNR,SNR_NekoKabocha,ネコカボチャ,8,3,2,True,SNR_EvilNekomata|SNR_NekoKabocha
SNR,SNR_Finder,ファインダー,10,2,1,True,SNR_Finder
SNR,SNR_Penguin,ペンギン,9,4,1,True,SNR_Penguin
SNR,SNR_Banshee,バンシー,9,3,2,True,SNR_Penguin|SNR_Banshee
SNR,SNR_RemoteControl,リモコン,8,5,2,True,SNR_DoubleKiller|SNR_RemoteControl
SNR,SNR_TriggerHappy,トリガーハッピー,7,5,1,True,SNR_TriggerHappy
SNR,SNR_EvilHawk,イビルホーク,9,3,2,True,SNR_SuicideWisher|SNR_EvilHawk
SNR,SNR_Mushroomer,マッシュルーマー,10,3,2,True,SNR_Mushroomer|SNR_Magician
SNR,SNR_Matryoshka,マトリョーシカ,8,3,2,True,SNR_EvilHacker|SNR_Matryoshka
SNR,SNR_Rocket,ロケット,12,1,2,True,SNR_Rocket|SNR_Thief
SNR,SNR_Samurai,侍,9,5,1,True,SNR_Samurai
SNR,SNR_SuicideBomber,自爆魔,9,3,1,True,SNR_SuicideBomber
SNR,SNR_Tracker,追跡者,10,2,1,True,SNR_Tracker
SNR,SNR_Pusher,突き落と師,7,4,1,True,SNR_Pusher
SNR,SNR_WaveCannon,波動砲,8,5,1,True,SNR_WaveCannon
SNR,SNR_Magician,魔術師,12,2,2,True,SNR_Magician|SNR_Thief
SNR,SNR_NiceGuesser,ナイスゲッサー,7,3,2,True,SNR_NiceGuesser|SNR_ModifierGuesser
SNR,SNR_Santa,サンタ,8,2,2,True,SNR_Santa|SNR_GhostMechanic
SNR,SNR_Seer,シーア,11,2,2,True,SNR_Seer|SNR_Medium
SNR,SNR_Sheriff,シェリフ,5,4,2,True,SNR_Sheriff|SNR_RemoteSheriff
SNR,SNR_JumpDancer,ジャンプダンサー,6,4,1,True,SNR_JumpDancer
SNR,SNR_Star,スター,12,2,1,True,SNR_Star
SNR,SNR_Stuntman,スタントマン,9,2,2,True,SNR_Stuntman|SNR_DataHacker
SNR,SNR_Spy,スパイ,13,3,1,True,SNR_Spy
SNR,SNR_SpeedBooster,スピードブースター,17,1,2,True,SNR_SpeedBooster|SNR_Bait
SNR,SNR_TaskMaster,タスクマスター,7,3,1,True,SNR_TaskMaster
SNR,SNR_DataHacker,データハッカー,13,2,2,True,SNR_DataHacker|SNR_HamburgerShop
SNR,SNR_Door,ドアー,19,1,2,True,SNR_Door|SNR_Bait
SNR,SNR_ToiletFan,トイレファン,13,2,2,True,SNR_ToiletFan|SNR_Clergyman
SNR,SNR_NiceScientist,ナイスサイエンティスト,8,4,1,True,SNR_NiceScientist
SNR,SNR_NiceTeleporter,ナイステレポーター,7,3,2,True,SNR_NiceTeleporter|SNR_SilverBullet
SNR,SNR_NiceNekomata,ナイス猫又,9,3,2,True,SNR_NiceNekomata|SNR_Tenbin
SNR,SNR_NiceHawk,ナイスホーク,7,3,1,True,SNR_NiceHawk
SNR,SNR_NiceButtoner,ナイスボタナー,7,4,1,True,SNR_NiceButtoner
SNR,SNR_NiceMechanic,ナイスメカニック,10,4,2,True,SNR_NiceMechanic|SNR_Moving
SNR,SNR_Busker,バスカー,9,3,2,True,SNR_NiceHawk|SNR_Busker
SNR,SNR_HamburgerShop,ハンバーガー屋,13,3,1,True,SNR_HamburgerShop
SNR,SNR_Bakery,パン屋,10,2,1,True,SNR_Bakery
SNR,SNR_Pteranodon,プテラノドン,11,4,1,True,SNR_Pteranodon
SNR,SNR_Bait,ベイト,10,2,2,True,SNR_Bait|SNR_Medium
SNR,SNR_BestFalseAccuser,ベスト冤罪ヤー,17,1,2,True,SNR_Bait|SNR_BestFalseAccuser
SNR,SNR_VentTrapper,ベントトラッパー,7,4,1,True,SNR_VentTrapper
SNR,SNR_Phosphorus,ホスフォラス,10,4,1,True,SNR_Phosphorus
SNR,SNR_BodyBuilder,ボディービルダー,11,3,1,True,SNR_BodyBuilder
SNR,SNR_Medium,ミーディアム,9,3,1,True,SNR_Medium
SNR,SNR_MeetingSheriff,ミーティングシェリフ,10,3,1,True,SNR_MeetingSheriff
SNR,SNR_Mayor,メイヤー,8,3,2,True,SNR_NiceButtoner|SNR_Mayor
SNR,SNR_Ubiquitous,ユビキタス,9,3,1,True,SNR_Ubiquitous
SNR,SNR_Lighter,ライター,16,1,2,True,SNR_SpeedBooster|SNR_Lighter
SNR,SNR_Technician,技術者,8,3,1,True,SNR_Technician
SNR,SNR_Sage,賢者,13,2,1,True,SNR_Sage
SNR,SNR_HomeSecurityGuard,自宅警備員,12,2,2,True,SNR_HomeSecurityGuard|SNR_WolfPossessed
SNR,SNR_Clergyman,聖職者,13,3,1,True,SNR_Clergyman
SNR,SNR_VillageChief,村長,14,4,1,True,SNR_VillageChief
SNR,SNR_Tenbin,天秤,9,2,2,True,SNR_Tenbin|SNR_ElectionManager
SNR,SNR_HinkoHosei,品行方正,12,2,2,True,SNR_HomeSecurityGuard|SNR_HinkoHosei
SNR,SNR_ClinicalLaboratoryTechnician,臨床検査技師,9,2,2,True,SNR_Mayor|SNR_ClinicalLaboratoryTechnician
SNR,SNR_Madmate,マッドメイト,9,1,2,True,SNR_Madmate|SNR_BlackSanta
SNR,SNR_BlackCat,黒猫,7,2,2,True,SNR_BlackCat|SNR_MadTeruteru
SNR,SNR_Worshiper,崇拝者,6,2,2,True,SNR_MadKiller|SNR_Worshiper
SNR,SNR_Baketanuki,化け狸,6,2,2,True,SNR_MadKiller|SNR_Baketanuki
SNR,SNR_MadHawk,マッドホーク,9,2,1,True,SNR_MadHawk
SNR,SNR_BlackSanta,ブラックサンタ,9,1,2,True,SNR_Madmate|SNR_BlackSanta
SNR,SNR_SatsumatoImo,さつまといも,9,3,2,True,SNR_SatsumatoImo|SNR_Lovers
SNR,SNR_Jackal,ジャッカル,7,1,1,True,SNR_Jackal
SNR,SNR_Sidekick,サイドキック,8,0,2,True,SNR_Sidekick|SNR_JackalFriends
SNR,SNR_WaveCannonJackal,波動砲ジャッカル,6,2,2,True,SNR_WaveCannonJackal|SNR_WaveCannonSidekick
SNR,SNR_WaveCannonSidekick,波動砲サイドキック,6,2,2,True,SNR_WaveCannonJackal|SNR_WaveCannonSidekick
SNR,SNR_Bullet,弾,8,2,1,True,SNR_Bullet
SNR,SNR_Teruteru,てるてる,10,4,1,True,SNR_Teruteru
SNR,SNR_Arsonist,アーソニスト,12,3,1,True,SNR_Arsonist
SNR,SNR_Vulture,ヴァルチャー,13,3,1,True,SNR_Vulture
SNR,SNR_Opportunist,オポチュニスト,8,2,1,True,SNR_Opportunist
SNR,SNR_Cupid,キューピット,9,2,2,True,SNR_Cupid|SNR_Freeter
SNR,SNR_SchrodingerCat,シュレディンガーの猫,9,1,2,True,SNR_SchrodingerCat|SNR_Freeter
SNR,SNR_Spelunker,スペランカー,11,2,2,True,SNR_Spelunker|SNR_Sauna
SNR,SNR_PavlovDog,パブロフの犬,7,4,1,True,SNR_PavlovDog
SNR,SNR_BlackHatHacker,ブラックハットハッカー,7,4,1,True,SNR_BlackHatHacker
SNR,SNR_Freeter,フリーター,9,2,2,True,SNR_Opportunist|SNR_Freeter
SNR,SNR_Maguro,マグロ,9,3,1,True,SNR_Maguro
SNR,SNR_FalseAccuser,冤罪師,8,3,2,True,SNR_FalseAccuser|SNR_Moira
SNR,SNR_Onmyoji,陰陽師,8,3,2,True,SNR_Vulture|SNR_Onmyoji
SNR,SNR_Shikigami,式神,7,2,2,True,SNR_Shikigami|SNR_Amnesiac
SNR,SNR_God,神,9,3,1,True,SNR_God
SNR,SNR_Safecracker,金庫破り,9,3,2,True,SNR_Safecracker|SNR_Worker
SNR,SNR_Hitman,殺し屋,8,3,2,True,SNR_Hitman|SNR_Bomber
SNR,SNR_Worker,仕事人,13,2,2,True,SNR_Arsonist|SNR_Worker
SNR,SNR_TrueLover,純愛者,8,3,2,True,SNR_FalseAccuser|SNR_TrueLover
SNR,SNR_Bomber,爆ぜ師,8,3,2,True,SNR_Bomber|SNR_Fukurou
SNR,SNR_Amnesiac,忘却者,7,2,2,True,SNR_Shikigami|SNR_Amnesiac
SNR,SNR_GhostImpostorMirage,ミラージュ,11,1,1,True,SNR_GhostImpostorMirage
SNR,SNR_GhostCrewmateLantern,カンテラ,13,2,1,True,SNR_GhostCrewmateLantern
SNR,SNR_ModifierJumbo,ジャンボ,7,2,1,True,SNR_ModifierJumbo
SNR,SNR_ModifierGuesser,モディファイアゲッサー,6,0,2,True,SNR_ModifierGuesser|SNR_ModifierHawk
SNR,SNR_ModifierSpelunker,モディファイアスペランカー,7,2,1,True,SNR_ModifierSpelunker
SNR,SNR_ModifierHawk,モディファイアホーク,7,1,2,True,SNR_Baketanuki|SNR_ModifierHawk
SNR,SNR_Lovers,ラバーズ,7,3,2,True,SNR_Lovers|SNR_ThreeLittlePigs
SNR,SNR_Ruler,ルーラー,7,3,2,True,SNR_ModifierHawk|SNR_Ruler
ExR,ExR_Sheriff,シェリフ,5,3,2,True,ExR_Sheriff|ExR_Leader
ExR,ExR_Maintainer,メンテナー,7,3,1,True,ExR_Maintainer
ExR,ExR_Neet,ニート,6,0,2,True,ExR_Neet|ExR_Dove
ExR,ExR_Watchdog,ウォッチドッグ,6,5,2,True,ExR_Watchdog|ExR_Supervisor
ExR,ExR_Supervisor,スーパーバイザー,6,4,2,True,ExR_Watchdog|ExR_Supervisor
ExR,ExR_Bodyguard,ボディーガード,6,4,1,True,ExR_Bodyguard
ExR,ExR_Whisper,ウィスパー,7,3,1,True,ExR_Whisper
ExR,ExR_TimeMaster,タイムマスター,7,2,2,True,ExR_TimeMaster|ExR_Teleporter
ExR,ExR_Agency,エージェンシー,6,4,2,True,ExR_Agency|ExR_Jailer
ExR,ExR_Bakery,パン屋,7,2,1,True,ExR_Bakery
ExR,ExR_CurseMaker,カースメーカー,7,3,1,True,ExR_CurseMaker
ExR,ExR_Fencer,フェンサー,8,3,1,True,ExR_Fencer
ExR,ExR_Opener,オープナー,10,3,2,True,ExR_Opener|ExR_Moderator
ExR,ExR_Carpenter,カーペンター,9,3,1,True,ExR_Carpenter
ExR,ExR_Survivor,サバイバー,6,3,1,True,ExR_Survivor
ExR,ExR_Captain,キャプテン,7,3,2,True,ExR_Captain|ExR_CEO
ExR,ExR_Photographer,フォトグラファー,6,6,1,True,ExR_Photographer
ExR,ExR_Delusioner,デリュージョナー,6,3,1,True,ExR_Delusioner
ExR,ExR_Resurrecter,リザレクター,9,4,2,True,ExR_Resurrecter|ExR_Bait
ExR,ExR_Gambler,ギャンブラー,7,2,2,True,ExR_Gambler|ExR_ApprenticeInvestigator
ExR,ExR_Teleporter,テレポーター,8,2,2,True,ExR_TimeMaster|ExR_Teleporter
ExR,ExR_Moderator,モデレーター,10,3,2,True,ExR_Opener|ExR_Moderator
ExR,ExR_Psychic,サイキック,6,3,2,True,ExR_Psychic|ExR_Exorcist
ExR,ExR_Bait,ベイト,8,3,2,True,ExR_Resurrecter|ExR_Bait
ExR,ExR_Jailer,ジェイラー,6,4,2,True,ExR_Agency|ExR_Jailer
ExR,ExR_Summoner,サモナー,7,4,1,True,ExR_Summoner
ExR,ExR_Exorcist,エクソシスト,6,3,2,True,ExR_Psychic|ExR_Exorcist
ExR,ExR_Lower,ロウワー,5,2,2,True,ExR_Lower|ExR_Hero
ExR,ExR_CEO,C.E.O,6,3,2,True,ExR_Captain|ExR_CEO
ExR,ExR_Echo,エコー,7,3,2,True,ExR_Echo|ExR_Inspector
ExR,ExR_SpecialImpostor,スペシャルインポスター,10,5,1,True,ExR_SpecialImpostor
ExR,ExR_Merlin,マーリン,7,3,1,True,ExR_Merlin
ExR,ExR_Hero,ヒーロー,6,3,1,True,ExR_Hero
ExR,ExR_Investigator,捜査官,5,2,2,True,ExR_Lower|ExR_Investigator
ExR,ExR_Assistant,助手,8,2,2,True,ExR_Assistant|ExR_Supporter
ExR,ExR_ApprenticeInvestigator,見習い捜査官,8,2,2,True,ExR_Gambler|ExR_ApprenticeInvestigator
ExR,ExR_Buddies,バディーズ,7,2,2,True,ExR_Assistant|ExR_Buddies
ExR,ExR_Lovers,ラバーズ,7,3,1,True,ExR_Lovers
ExR,ExR_Supporter,サポーター,9,1,2,True,ExR_Assistant|ExR_Supporter
ExR,ExR_Guesser,ゲッサー,7,3,1,True,ExR_Guesser
ExR,ExR_Mover,ムーバー,6,2,2,True,ExR_Merlin|ExR_Mover
ExR,ExR_Accelerator,アクセラレーター,10,2,2,True,ExR_Accelerator|ExR_Skater
ExR,ExR_Skater,スケーター,10,2,2,True,ExR_Accelerator|ExR_Skater
ExR,ExR_Barter,バーター,8,3,1,True,ExR_Barter
ExR,ExR_Evolver,エボルバー,12,3,2,True,ExR_Evolver|ExR_Cracker
ExR,ExR_Carrier,キャリアー,14,2,2,True,ExR_Carrier|ExR_TimeBreaker
ExR,ExR_PsychoKiller,サイコキラー,14,3,2,True,ExR_PsychoKiller|ExR_TimeBreaker
ExR,ExR_BountyHunter,バウンティーハンター,5,4,1,True,ExR_BountyHunter
ExR,ExR_Painter,ペインター,7,4,1,True,ExR_Painter
ExR,ExR_Faker,フェイカー,7,3,2,True,ExR_Faker|ExR_Glitch
ExR,ExR_Overloader,オーバーローダー,9,5,1,True,ExR_Overloader
ExR,ExR_Cracker,クラッカー,12,3,2,True,ExR_Evolver|ExR_Cracker
ExR,ExR_Bomber,ボマー,6,3,2,True,ExR_Bomber|ExR_Hijacker
ExR,ExR_Merry,メリー,8,3,2,True,ExR_Merry|ExR_Magician
ExR,ExR_SlaveDriver,スレイヴドライバー,6,4,1,True,ExR_SlaveDriver
ExR,ExR_Sandworm,サンドワーム,7,2,2,True,ExR_Sandworm|ExR_Smasher
ExR,ExR_Smasher,スマッシャー,6,3,2,True,ExR_Sandworm|ExR_Smasher
ExR,ExR_AssaultMaster,アサルトマスター,11,3,1,True,ExR_AssaultMaster
ExR,ExR_Shooter,シューター,6,4,1,True,ExR_Shooter
ExR,ExR_LastWolf,ラストウルフ,10,3,2,True,ExR_LastWolf|ExR_Crewshroom
ExR,ExR_Commander,コマンダー,9,3,2,True,ExR_Commander|ExR_Zombie
ExR,ExR_Hypnotist,ヒプノティスト,5,3,2,True,ExR_Hypnotist|ExR_Villain
ExR,ExR_UnderWarper,アンダーワーパー,8,5,1,True,ExR_UnderWarper
ExR,ExR_Magician,マジシャン,7,3,2,True,ExR_Merry|ExR_Magician
ExR,ExR_Zombie,ゾンビ,9,3,2,True,ExR_Commander|ExR_Zombie
ExR,ExR_Slime,スライム,7,3,2,True,ExR_Slime|ExR_Glitch
ExR,ExR_Thief,シーフ,14,2,2,True,ExR_PsychoKiller|ExR_Thief
ExR,ExR_Crewshroom,クルーシュルーム,12,2,2,True,ExR_LastWolf|ExR_Crewshroom
ExR,ExR_Terrorist,テロリスト,6,4,2,True,ExR_Terrorist|ExR_Raider
ExR,ExR_Raider,レイダー,6,5,2,True,ExR_Terrorist|ExR_Raider
ExR,ExR_Glitch,グリッチ,7,3,2,True,ExR_Painter|ExR_Glitch
ExR,ExR_Hijacker,ハイジャッカー,6,3,2,True,ExR_Bomber|ExR_Hijacker
ExR,ExR_TimeBreaker,タイムブレーカー,14,3,1,True,ExR_TimeBreaker
ExR,ExR_Scavenger,スカベンジャー,7,4,2,True,ExR_Raider|ExR_Scavenger
ExR,ExR_Boxer,ボクサー,6,4,2,True,ExR_Scavenger|ExR_Boxer
ExR,ExR_Regislater,レジスレイター,6,4,2,True,ExR_Regislater|ExR_Assassin
ExR,ExR_Assassin,アサシン,5,5,1,True,ExR_Assassin
ExR,ExR_Shares,シェアーズ,10,4,1,True,ExR_Shares
ExR,ExR_Villain,ヴィラン,5,3,2,True,ExR_Hypnotist|ExR_Villain
ExR,ExR_Alice,アリス,7,3,2,True,ExR_Alice|ExR_Intimate
ExR,ExR_Jackal,ジャッカル,6,3,2,True,ExR_Jackal|ExR_Shepherd
ExR,ExR_Sidekick,サイドキック,6,2,2,True,ExR_Sidekick|ExR_Furry
ExR,ExR_TaskMaster,タスクマスター,9,3,1,True,ExR_TaskMaster
ExR,ExR_Missionary,ミッショナリー,5,2,2,True,ExR_Missionary|ExR_Jester
ExR,ExR_Jester,ジェスター,8,3,1,True,ExR_Jester
ExR,ExR_Yandere,ヤンデレ,6,3,2,True,ExR_Yandere|ExR_Intimate
ExR,ExR_Youko,妖狐,9,1,2,True,ExR_Youko|ExR_Hatter
ExR,ExR_Miner,マイナー,6,2,2,True,ExR_Miner|ExR_Traitor
ExR,ExR_Eater,イーター,5,3,2,True,ExR_Yandere|ExR_Eater
ExR,ExR_Queen,クイーン,6,4,2,True,ExR_Queen|ExR_Knight
ExR,ExR_Servant,サーヴァント,6,2,2,True,ExR_Servant|ExR_Knight
ExR,ExR_Totocalcio,トトカルチョ,6,3,1,True,ExR_Totocalcio
ExR,ExR_Madmate,マッドメイト,6,2,1,True,ExR_Madmate
ExR,ExR_Umbrella,アンブレイヤー,8,1,2,True,ExR_Umbrella|ExR_Monica
ExR,ExR_Hatter,ハッター,8,1,2,True,ExR_Hatter|ExR_BadKids
ExR,ExR_Artist,アーティスト,8,2,2,True,ExR_TaskMaster|ExR_Artist
ExR,ExR_Tucker,タッカー,7,3,1,True,ExR_Tucker
ExR,ExR_Chimera,キメラ,6,1,2,True,ExR_Servant|ExR_Chimera
ExR,ExR_IronMate,アイアンメイト,5,1,2,True,ExR_IronMate|ExR_Heretic
ExR,ExR_Monica,モニカ,6,1,2,True,ExR_Umbrella|ExR_Monica
ExR,ExR_Heretic,ヘレティック,6,3,2,True,ExR_Missionary|ExR_Heretic
ExR,ExR_Shepherd,シェパード,5,4,2,True,ExR_Jackal|ExR_Shepherd
ExR,ExR_Furry,ファーリー,5,2,2,True,ExR_Sidekick|ExR_Furry
ExR,ExR_Intimate,インティメイト,7,2,2,True,ExR_Miner|ExR_Intimate
ExR,ExR_Surrogator,サロゲーター,9,2,2,True,ExR_Artist|ExR_Surrogator
ExR,ExR_Knight,ナイト,7,3,1,True,ExR_Knight
ExR,ExR_Pawn,ポーン,8,3,2,True,ExR_Surrogator|ExR_Pawn
ExR,ExR_Vigilante,ヴィジランテ,5,3,1,True,ExR_Vigilante
ExR,ExR_BadKids,ワルガキ,9,2,2,True,ExR_Umbrella|ExR_BadKids
ExR,ExR_Traitor,トレイター,6,3,2,True,ExR_Alice|ExR_Traitor
ExR,ExR_Leader,リーダー,5,3,2,True,ExR_Sheriff|ExR_Leader
ExR,ExR_Dove,ドーヴ,6,0,2,True,ExR_Dove|ExR_Xion
ExR,ExR_Militant,ミリタント,6,1,1,True,ExR_Militant
ExR,ExR_Faunus,ファウヌス,6,3,2,True,ExR_Maintainer|ExR_Faunus
ExR,ExR_Poltergeist,ポルターガイスト,6,3,2,True,ExR_Poltergeist|ExR_Shutter
ExR,ExR_Shutter,シャッター,6,4,1,True,ExR_Shutter
ExR,ExR_Saboteur,サボり魔,6,3,1,True,ExR_Saboteur
ExR,ExR_Ventgeist,ベントガイスト,9,3,1,True,ExR_Ventgeist
ExR,ExR_Igniter,イグナイター,8,2,2,True,ExR_Igniter|ExR_Doppelganger
ExR,ExR_Doppelganger,ドッペルゲンガー,7,3,1,True,ExR_Doppelganger
ExR,ExR_Foras,フォラス,7,1,2,True,ExR_Foras|ExR_Wisp
ExR,ExR_Wisp,ウィスプ,6,2,2,True,ExR_IronMate|ExR_Wisp
TORGMIA,TORGMIA_EvilGuesser,イビルゲッサー,8,3,1,True,TORGMIA_EvilGuesser
TORGMIA,TORGMIA_BountyHunter,バウンティハンター,4,3,2,True,TORGMIA_BountyHunter|TORGMIA_Eraser
TORGMIA,TORGMIA_Camouflager,カモフラージャー,8,4,2,True,TORGMIA_Camouflager|TORGMIA_Ninja
TORGMIA,TORGMIA_Cleaner,クリーナー,10,1,2,True,TORGMIA_Cleaner|TORGMIA_Vampire
TORGMIA,TORGMIA_Eraser,イレイサー,5,3,2,True,TORGMIA_BountyHunter|TORGMIA_Eraser
TORGMIA,TORGMIA_Godfather,ゴッドファーザー,8,2,2,True,TORGMIA_Godfather|TORGMIA_Janitor
TORGMIA,TORGMIA_Mafioso,マフィオソ,10,4,2,True,TORGMIA_Mafioso|TORGMIA_EvilSwapper
TORGMIA,TORGMIA_Janitor,ジャニター,11,2,1,True,TORGMIA_Janitor
TORGMIA,TORGMIA_Morphling,モーフィング,10,3,1,True,TORGMIA_Morphling
TORGMIA,TORGMIA_Trickster,トリックスター,11,2,2,True,TORGMIA_Trickster|TORGMIA_Undertaker
TORGMIA,TORGMIA_Vampire,ヴァンパイア,8,3,2,True,TORGMIA_Cleaner|TORGMIA_Vampire
TORGMIA,TORGMIA_Warlock,ウォーロック,7,3,1,True,TORGMIA_Warlock
TORGMIA,TORGMIA_Witch,魔女,9,2,2,True,TORGMIA_Witch|TORGMIA_EvilWatcher
TORGMIA,TORGMIA_Ninja,ニンジャ,8,2,2,True,TORGMIA_Morphling|TORGMIA_Ninja
TORGMIA,TORGMIA_EvilSwapper,イビルスワッパー,10,5,1,True,TORGMIA_EvilSwapper
TORGMIA,TORGMIA_SerialKiller,シリアルキラー,8,2,1,True,TORGMIA_SerialKiller
TORGMIA,TORGMIA_NekoKabocha,ネコカボチャ,7,3,1,True,TORGMIA_NekoKabocha
TORGMIA,TORGMIA_EvilWatcher,イビルウォッチャー,7,2,2,True,TORGMIA_Witch|TORGMIA_EvilWatcher
TORGMIA,TORGMIA_Undertaker,アンダーテイカー,9,2,2,True,TORGMIA_Trickster|TORGMIA_Undertaker
TORGMIA,TORGMIA_Mimic,ミミック,5,2,2,True,TORGMIA_Mimic|TORGMIA_Chameleon
TORGMIA,TORGMIA_EvilHacker,イビルハッカー,8,4,1,True,TORGMIA_EvilHacker
TORGMIA,TORGMIA_EvilTracker,イビルトラッカー,8,3,1,True,TORGMIA_EvilTracker
TORGMIA,TORGMIA_Bomber,ボマー,9,3,1,True,TORGMIA_Bomber
TORGMIA,TORGMIA_Trapper,トラッパー,8,3,1,True,TORGMIA_Trapper
TORGMIA,TORGMIA_EvilYasuna,イビルヤスナ,8,3,1,True,TORGMIA_EvilYasuna
TORGMIA,TORGMIA_Prophet,プロフェット,9,2,2,True,TORGMIA_Prophet|TORGMIA_FortuneTeller
TORGMIA,TORGMIA_NiceGuesser,ナイスゲッサー,6,3,1,True,TORGMIA_NiceGuesser
TORGMIA,TORGMIA_Detective,探偵,8,3,2,True,TORGMIA_Detective|TORGMIA_Tracker
TORGMIA,TORGMIA_Engineer,エンジニア,11,1,1,True,TORGMIA_Engineer
TORGMIA,TORGMIA_Hacker,ハッカー,7,2,2,True,TORGMIA_Hacker|TORGMIA_Veteran
TORGMIA,TORGMIA_Lighter,ライター,9,2,2,True,TORGMIA_Lighter|TORGMIA_TimeMaster
TORGMIA,TORGMIA_Mayor,メイヤー,8,3,2,True,TORGMIA_Mayor|TORGMIA_SecurityGuard
TORGMIA,TORGMIA_Medic,メディック,8,4,2,True,TORGMIA_Medic|TORGMIA_NiceWatcher
TORGMIA,TORGMIA_SecurityGuard,セキュリティガード,10,4,1,True,TORGMIA_SecurityGuard
TORGMIA,TORGMIA_Seer,シーア,6,3,2,True,TORGMIA_Seer|TORGMIA_Medium
TORGMIA,TORGMIA_Sheriff,シェリフ,9,3,1,True,TORGMIA_Sheriff
TORGMIA,TORGMIA_Shifter,シフター,8,2,1,True,TORGMIA_Shifter
TORGMIA,TORGMIA_Snitch,スニッチ,7,3,2,True,TORGMIA_Snitch|TORGMIA_Sherlock
TORGMIA,TORGMIA_NiceSwapper,ナイススワッパー,7,3,2,True,TORGMIA_Shifter|TORGMIA_NiceSwapper
TORGMIA,TORGMIA_TimeMaster,タイムマスター,9,2,2,True,TORGMIA_Lighter|TORGMIA_TimeMaster
TORGMIA,TORGMIA_Tracker,トラッカー,8,1,2,True,TORGMIA_Detective|TORGMIA_Tracker
TORGMIA,TORGMIA_Bait,ベイト,9,2,2,True,TORGMIA_Bait|TORGMIA_VIP
TORGMIA,TORGMIA_Veteran,ベテラン,8,2,2,True,TORGMIA_Hacker|TORGMIA_Veteran
TORGMIA,TORGMIA_Medium,ミーディアム,7,3,2,True,TORGMIA_Seer|TORGMIA_Medium
TORGMIA,TORGMIA_FortuneTeller,占い師,10,1,2,True,TORGMIA_Engineer|TORGMIA_FortuneTeller
TORGMIA,TORGMIA_NiceWatcher,ナイスウォッチャー,7,3,2,True,TORGMIA_Medic|TORGMIA_NiceWatcher
TORGMIA,TORGMIA_TaskMaster,タスクマスター,7,2,1,True,TORGMIA_TaskMaster
TORGMIA,TORGMIA_Sherlock,シャーロック,8,1,2,True,TORGMIA_Snitch|TORGMIA_Sherlock
TORGMIA,TORGMIA_Sprinter,スプリンター,9,1,1,True,TORGMIA_Sprinter
TORGMIA,TORGMIA_Yasuna,ヤスナ,8,2,2,True,TORGMIA_NiceSwapper|TORGMIA_Yasuna
TORGMIA,TORGMIA_Teleporter,テレポーター,8,3,1,True,TORGMIA_Teleporter
TORGMIA,TORGMIA_Arsonist,アーソニスト,6,3,1,True,TORGMIA_Arsonist
TORGMIA,TORGMIA_Jester,ジェスター,7,3,1,True,TORGMIA_Jester
TORGMIA,TORGMIA_Jackal,ジャッカル,5,2,2,True,TORGMIA_Jackal|TORGMIA_Sidekick
TORGMIA,TORGMIA_Sidekick,サイドキック,6,2,1,True,TORGMIA_Sidekick
TORGMIA,TORGMIA_Opportunist,オポチュニスト,7,2,2,True,TORGMIA_Arsonist|TORGMIA_Opportunist
TORGMIA,TORGMIA_Vulture,ヴァルチャー,7,1,2,True,TORGMIA_Vulture|TORGMIA_Akujo
TORGMIA,TORGMIA_Lawyer,弁護士,7,2,2,True,TORGMIA_Lawyer|TORGMIA_PlagueDoctor
TORGMIA,TORGMIA_ChainShifter,チェインシフター,6,2,2,True,TORGMIA_Arsonist|TORGMIA_ChainShifter
TORGMIA,TORGMIA_PlagueDoctor,ペスト医師,7,1,2,True,TORGMIA_Lawyer|TORGMIA_PlagueDoctor
TORGMIA,TORGMIA_Moriarty,モリアーティ,7,1,2,True,TORGMIA_Moriarty|TORGMIA_JekyllAndHyde
TORGMIA,TORGMIA_Cupid,キューピッド,6,1,2,True,TORGMIA_ChainShifter|TORGMIA_Cupid
TORGMIA,TORGMIA_Akujo,悪女,8,0,2,True,TORGMIA_Vulture|TORGMIA_Akujo
TORGMIA,TORGMIA_JekyllAndHyde,ジキルとハイド,6,1,2,True,TORGMIA_Akujo|TORGMIA_JekyllAndHyde
TORGMIA,TORGMIA_Bloody,ブラッディ,9,3,1,True,TORGMIA_Bloody
TORGMIA,TORGMIA_AntiTeleport,アンチテレポーター,9,1,1,True,TORGMIA_AntiTeleport
TORGMIA,TORGMIA_TieBreaker,タイブレーカー,8,1,2,True,TORGMIA_TieBreaker|TORGMIA_Madmate
TORGMIA,TORGMIA_Lovers,ラバーズ,6,1,2,True,TORGMIA_Lovers|TORGMIA_Mini
TORGMIA,TORGMIA_Sunglasses,サングラス,8,3,1,True,TORGMIA_Sunglasses
TORGMIA,TORGMIA_Mini,ミニ,6,2,2,True,TORGMIA_Lovers|TORGMIA_Mini
TORGMIA,TORGMIA_VIP,VIP,9,1,2,True,TORGMIA_TieBreaker|TORGMIA_VIP
TORGMIA,TORGMIA_Invert,インバート,10,1,2,True,TORGMIA_TieBreaker|TORGMIA_Invert
TORGMIA,TORGMIA_Chameleon,カメレオン,8,2,1,True,TORGMIA_Chameleon
TORGMIA,TORGMIA_Madmate,マッドメイト,9,2,2,True,TORGMIA_VIP|TORGMIA_Madmate
TOHK,TOHK_BountyHunter,バウンティハンター,11,4,2,True,TOHK_BountyHunter|TOHK_Magician
TOHK,TOHK_Mare,メアー,13,4,1,True,TOHK_Mare
TOHK,TOHK_FireWorks,花火職人,10,4,1,True,TOHK_FireWorks
TOHK,TOHK_SerialKiller,シリアルキラー,9,4,1,True,TOHK_SerialKiller
TOHK,TOHK_ShapeMaster,シェイプマスター,7,4,2,True,TOHK_ShapeMaster|TOHK_TeleportKiller
TOHK,TOHK_Vampire,ヴァンパイア,8,3,1,True,TOHK_Vampire
TOHK,TOHK_Warlock,ウォーロック,9,4,2,True,TOHK_Warlock|TOHK_Puppeteer
TOHK,TOHK_Witch,ウィッチ,9,2,2,True,TOHK_Witch|TOHK_TimeThief
TOHK,TOHK_Mafia,マフィア,16,3,2,True,TOHK_Mafia|TOHK_Amnesiac
TOHK,TOHK_Puppeteer,パペッティア,13,1,2,True,TOHK_Puppeteer|TOHK_NekoKabocha
TOHK,TOHK_TimeThief,タイムシーフ,14,3,1,True,TOHK_TimeThief
TOHK,TOHK_Sniper,スナイパー,8,4,2,True,TOHK_Sniper|TOHK_EvilTracker
TOHK,TOHK_EvilTracker,イビルトラッカー,7,4,2,True,TOHK_EvilTracker|TOHK_ShapeKiller
TOHK,TOHK_Stealth,ステルス,10,4,1,True,TOHK_Stealth
TOHK,TOHK_NekoKabocha,ネコカボチャ,13,1,2,True,TOHK_Puppeteer|TOHK_NekoKabocha
TOHK,TOHK_EvilHacker,イビルハッカー,11,3,1,True,TOHK_EvilHacker
TOHK,TOHK_Penguin,ペンギン,9,4,2,True,TOHK_Penguin|TOHK_Magician
TOHK,TOHK_Insider,インサイダー,11,3,2,True,TOHK_Insider|TOHK_ProgressKiller
TOHK,TOHK_TeleportKiller,テレポートキラー,8,5,2,True,TOHK_ShapeMaster|TOHK_TeleportKiller
TOHK,TOHK_Bomber,爆弾魔,11,3,1,True,TOHK_Bomber
TOHK,TOHK_AntiReporter,アンチレポーター,7,4,2,True,TOHK_AntiReporter|TOHK_ProBowler
TOHK,TOHK_Tairou,大狼,11,3,1,True,TOHK_Tairou
TOHK,TOHK_Evilgambler,イビルギャンブラー,8,4,1,True,TOHK_Evilgambler
TOHK,TOHK_Notifier,ノーティファー,11,4,2,True,TOHK_Notifier|TOHK_QuickKiller
TOHK,TOHK_Magician,マジシャン,9,3,2,True,TOHK_Penguin|TOHK_Magician
TOHK,TOHK_Limiter,リミッター,10,4,1,True,TOHK_Limiter
TOHK,TOHK_Decrescendo,デクレッシェンド,10,4,2,True,TOHK_Mare|TOHK_Decrescendo
TOHK,TOHK_Alien,エイリアン,10,4,1,True,TOHK_Alien
TOHK,TOHK_AlienHijack,ハイジャックエイリアン,10,3,2,True,TOHK_Bomber|TOHK_AlienHijack
TOHK,TOHK_Mole,モグラ,15,2,1,True,TOHK_Mole
TOHK,TOHK_SpeedStar,スピードスター,11,3,2,True,TOHK_Stealth|TOHK_SpeedStar
TOHK,TOHK_EvilTeller,イビルテラー,11,4,1,True,TOHK_EvilTeller
TOHK,TOHK_ProgressKiller,プログレスキラー,11,3,2,True,TOHK_Insider|TOHK_ProgressKiller
TOHK,TOHK_EvilAddoer,イビルアドナー,11,2,1,True,TOHK_EvilAddoer
TOHK,TOHK_ConnectSaver,コネクトセーバー,8,4,2,True,TOHK_EvilHacker|TOHK_ConnectSaver
TOHK,TOHK_Reloader,リローダー,12,3,2,True,TOHK_Notifier|TOHK_Reloader
TOHK,TOHK_Jumper,ジャンパー,12,3,1,True,TOHK_Jumper
TOHK,TOHK_EarnestWolf,一途な狼,10,4,2,True,TOHK_EarnestWolf|TOHK_Eraser
TOHK,TOHK_Amnesiac,記憶喪失者,10,2,2,True,TOHK_Mafia|TOHK_Amnesiac
TOHK,TOHK_Camouflager,カモフラージャー,8,4,2,True,TOHK_SerialKiller|TOHK_Camouflager
TOHK,TOHK_EvilSatellite,イビルサテライト,8,3,2,True,TOHK_EvilSatellite|TOHK_UnFortuner
TOHK,TOHK_Curser,カーサー,12,3,1,True,TOHK_Curser
TOHK,TOHK_ProBowler,プロボーラー,7,5,2,True,TOHK_AntiReporter|TOHK_ProBowler
TOHK,TOHK_Eraser,イレイサー,10,4,2,True,TOHK_EvilTeller|TOHK_Eraser
TOHK,TOHK_EvilMaker,イビルメーカー,11,2,2,True,TOHK_EvilTeller|TOHK_EvilMaker
TOHK,TOHK_UnFortuner,アンフォーチュナー,7,4,2,True,TOHK_EvilSatellite|TOHK_UnFortuner
TOHK,TOHK_QuickKiller,クイックキラー,12,3,2,True,TOHK_Notifier|TOHK_QuickKiller
TOHK,TOHK_BorderKiller,ボーダーキラー,13,3,1,True,TOHK_BorderKiller
TOHK,TOHK_Ballooner,バルーナー,10,3,2,True,TOHK_FireWorks|TOHK_Ballooner
TOHK,TOHK_ShapeKiller,シェイプキラー,8,3,2,True,TOHK_Sniper|TOHK_ShapeKiller
TOHK,TOHK_CharismaStar,カリスマスター,11,4,2,True,TOHK_EvilMaker|TOHK_CharismaStar
TOHK,TOHK_Archer,アーチャー,7,3,1,True,TOHK_Archer
TOHK,TOHK_EvilBlender,イビルブレンダー,11,3,1,True,TOHK_EvilBlender
TOHK,TOHK_Madmate,マッドメイト,10,1,2,True,TOHK_Madmate|TOHK_MadBait
TOHK,TOHK_MadGuardian,マッドガーディアン,7,4,2,True,TOHK_MadGuardian|TOHK_News
TOHK,TOHK_MadSnitch,マッドスニッチ,10,3,2,True,TOHK_MadSnitch|TOHK_MadBetrayer
TOHK,TOHK_SKMadmate,サイドキックマッドメイト,9,3,2,True,TOHK_SKMadmate|TOHK_OneWolf
TOHK,TOHK_MadJester,マッドジェスター,12,2,2,True,TOHK_MadJester|TOHK_MadWorker
TOHK,TOHK_MadTeller,マッドテラー,9,4,2,True,TOHK_MadTeller|TOHK_MadAvenger
TOHK,TOHK_MadBait,マッドベイト,10,1,2,True,TOHK_Madmate|TOHK_MadBait
TOHK,TOHK_MadReduced,マッドリデュース,11,2,1,True,TOHK_MadReduced
TOHK,TOHK_MadAvenger,マッドアベンジャー,10,4,2,True,TOHK_MadTeller|TOHK_MadAvenger
TOHK,TOHK_MadWorker,マッドワーカー,10,2,2,True,TOHK_MadJester|TOHK_MadWorker
TOHK,TOHK_MadTracker,マッドトラッカー,9,2,2,True,TOHK_MadTracker|TOHK_MadHacker
TOHK,TOHK_MadChanger,マッドチェンジャー,9,4,1,True,TOHK_MadChanger
TOHK,TOHK_MadSuicide,マッドスーサイド,9,2,1,True,TOHK_MadSuicide
TOHK,TOHK_MadBetrayer,マッドベトレイヤー,8,3,2,True,TOHK_MadSnitch|TOHK_MadBetrayer
TOHK,TOHK_Betrayer,ベトレイヤー,11,3,2,True,TOHK_Betrayer|TOHK_CountKiller
TOHK,TOHK_MadHacker,マッドハッカー,8,2,2,True,TOHK_MadTracker|TOHK_MadHacker
TOHK,TOHK_Nue,鵺,11,4,1,True,TOHK_Nue
TOHK,TOHK_Bait,ベイト,12,4,2,True,TOHK_Bait|TOHK_Trapper
TOHK,TOHK_Lighter,ライター,13,2,2,True,TOHK_Lighter|TOHK_CandleLighter
TOHK,TOHK_Mayor,メイヤー,11,4,2,True,TOHK_Mayor|TOHK_Dictator
TOHK,TOHK_SabotageMaster,サボタージュマスター,12,3,1,True,TOHK_SabotageMaster
TOHK,TOHK_Sheriff,シェリフ,9,1,1,True,TOHK_Sheriff
TOHK,TOHK_Snitch,スニッチ,9,4,2,True,TOHK_Snitch|TOHK_VentHunter
TOHK,TOHK_SpeedBooster,スピードブースター,13,2,1,True,TOHK_SpeedBooster
TOHK,TOHK_Doctor,ドクター,15,2,1,True,TOHK_Doctor
TOHK,TOHK_Trapper,トラッパー,13,2,2,True,TOHK_Bait|TOHK_Trapper
TOHK,TOHK_Dictator,ディクテーター,10,4,2,True,TOHK_Mayor|TOHK_Dictator
TOHK,TOHK_Seer,シーア,15,3,1,True,TOHK_Seer
TOHK,TOHK_TimeManager,タイムマネージャー,10,4,2,True,TOHK_TimeManager|TOHK_FortuneTeller
TOHK,TOHK_VentMaster,ベントマスター,11,2,2,True,TOHK_VentMaster|TOHK_Shyboy
TOHK,TOHK_Bakery,パン屋,10,2,1,True,TOHK_Bakery
TOHK,TOHK_FortuneTeller,占い師,9,3,2,True,TOHK_TimeManager|TOHK_FortuneTeller
TOHK,TOHK_ToiletFan,トイレファン,10,4,1,True,TOHK_ToiletFan
TOHK,TOHK_TaskStar,タスクスター,12,4,1,True,TOHK_TaskStar
TOHK,TOHK_PonkotuTeller,ぽんこつ占い師,10,5,2,True,TOHK_PonkotuTeller|TOHK_ShrineMaiden
TOHK,TOHK_UltraStar,ウルトラスター,9,4,1,True,TOHK_UltraStar
TOHK,TOHK_MeetingSheriff,ミーティングシェリフ,9,4,1,True,TOHK_MeetingSheriff
TOHK,TOHK_GuardMaster,ガードマスター,10,3,2,True,TOHK_GuardMaster|TOHK_Braid
TOHK,TOHK_Shyboy,シャイボーイ,10,2,2,True,TOHK_VentMaster|TOHK_Shyboy
TOHK,TOHK_Balancer,天秤,11,5,1,True,TOHK_Balancer
TOHK,TOHK_ShrineMaiden,巫女,11,6,1,True,TOHK_ShrineMaiden
TOHK,TOHK_Comebacker,カムバッカー,14,3,1,True,TOHK_Comebacker
TOHK,TOHK_WhiteHacker,ホワイトハッカー,10,5,2,True,TOHK_WhiteHacker|TOHK_AmateurTeller
TOHK,TOHK_Fortuner,フォーチュナー,10,5,2,True,TOHK_Fortuner|TOHK_Gasp
TOHK,TOHK_WolfBoy,狼少年,10,2,2,True,TOHK_WolfBoy|TOHK_InSender
TOHK,TOHK_NiceAddoer,ナイスアドナー,10,4,2,True,TOHK_NiceAddoer|TOHK_AllArounder
TOHK,TOHK_InSender,インセンダー,11,2,2,True,TOHK_WolfBoy|TOHK_InSender
TOHK,TOHK_Staff,スタッフ,9,4,1,True,TOHK_Staff
TOHK,TOHK_SwitchSheriff,スイッチシェリフ,10,5,1,True,TOHK_SwitchSheriff
TOHK,TOHK_NiceLogger,ナイスロガー,9,4,1,True,TOHK_NiceLogger
TOHK,TOHK_Android,アンドロイド,11,4,2,True,TOHK_Android|TOHK_VentOpener
TOHK,TOHK_Psychic,サイキック,11,4,2,True,TOHK_Psychic|TOHK_Braid
TOHK,TOHK_Efficient,エフィシェンシー,9,4,2,True,TOHK_Snitch|TOHK_Efficient
TOHK,TOHK_King,君臨者,11,4,1,True,TOHK_King
TOHK,TOHK_AmateurTeller,かけだし占い師,9,4,2,True,TOHK_WhiteHacker|TOHK_AmateurTeller
TOHK,TOHK_Gasp,ギャスプ,12,5,1,True,TOHK_Gasp
TOHK,TOHK_Cakeshop,ケーキ屋,11,3,2,True,TOHK_Cakeshop|TOHK_AssassinandMerlin
TOHK,TOHK_Stolener,ストルナー,10,3,1,True,TOHK_Stolener
TOHK,TOHK_Snowman,雪だるま,9,3,2,True,TOHK_Snowman|TOHK_Walker
TOHK,TOHK_VentOpener,ベントオープナー,12,4,2,True,TOHK_Android|TOHK_VentOpener
TOHK,TOHK_VentHunter,ベントハンター,9,4,2,True,TOHK_Snitch|TOHK_VentHunter
TOHK,TOHK_Satellite,サテライト,11,4,2,True,TOHK_TimeManager|TOHK_Satellite
TOHK,TOHK_Walker,ウォーカー,10,4,2,True,TOHK_Snowman|TOHK_Walker
TOHK,TOHK_AllArounder,オールラウンダー,10,4,2,True,TOHK_NiceAddoer|TOHK_AllArounder
TOHK,TOHK_Inspector,捜査官,9,5,2,True,TOHK_Inspector|TOHK_Observer
TOHK,TOHK_CandleLighter,キャンドルライター,13,2,2,True,TOHK_SpeedBooster|TOHK_CandleLighter
TOHK,TOHK_Express,エクスプレス,15,2,2,True,TOHK_Express|TOHK_Merlin
TOHK,TOHK_Observer,観察者,9,5,2,True,TOHK_Inspector|TOHK_Observer
TOHK,TOHK_Analyzer,アナライザー,9,6,1,True,TOHK_Analyzer
TOHK,TOHK_Arsonist,アーソニスト,11,3,2,True,TOHK_Arsonist|TOHK_Egoist
TOHK,TOHK_Jester,ジェスター,11,3,2,True,TOHK_Jester|TOHK_Chef
TOHK,TOHK_Terrorist,テロリスト,12,4,1,True,TOHK_Terrorist
TOHK,TOHK_Executioner,エクスキューショナー,11,4,1,True,TOHK_Executioner
TOHK,TOHK_SchrodingerCat,シュレディンガーの猫,13,2,1,True,TOHK_SchrodingerCat
TOHK,TOHK_Opportunist,オポチュニスト,10,2,2,True,TOHK_Opportunist|TOHK_LastNeutral
TOHK,TOHK_Egoist,エゴイスト,11,3,2,True,TOHK_Arsonist|TOHK_Egoist
TOHK,TOHK_Lovers,ラバーズ,11,5,1,True,TOHK_Lovers
TOHK,TOHK_RedLovers,レッドラバーズ,12,5,1,True,TOHK_RedLovers
TOHK,TOHK_YellowLovers,イエローラバーズ,12,5,1,True,TOHK_YellowLovers
TOHK,TOHK_BlueLovers,ブルーラバーズ,14,5,1,True,TOHK_BlueLovers
TOHK,TOHK_GreenLovers,グリーンラバーズ,13,4,2,True,TOHK_GreenLovers|TOHK_WhiteLovers
TOHK,TOHK_WhiteLovers,ホワイトラバーズ,13,4,2,True,TOHK_GreenLovers|TOHK_WhiteLovers
TOHK,TOHK_PurpleLovers,パープルラバーズ,9,5,1,True,TOHK_PurpleLovers
TOHK,TOHK_OneLove,片思い,10,4,2,True,TOHK_OneLove|TOHK_Amanojaku
TOHK,TOHK_Jackal,ジャッカル,10,2,2,True,TOHK_Jackal|TOHK_JackalMafia
TOHK,TOHK_PlagueDoctor,ペスト医師,12,3,1,True,TOHK_PlagueDoctor
TOHK,TOHK_Remotekiller,リモートキラー,12,5,2,True,TOHK_Remotekiller|TOHK_CurseMaker
TOHK,TOHK_JackalMafia,ジャッカルマフィア,10,2,2,True,TOHK_Jackal|TOHK_JackalMafia
TOHK,TOHK_JackalWolf,ジャッカルウルフ,9,3,2,True,TOHK_JackalWolf|TOHK_JackalAlien
TOHK,TOHK_Chef,シェフ,11,4,2,True,TOHK_Executioner|TOHK_Chef
TOHK,TOHK_CountKiller,カウントキラー,10,3,2,True,TOHK_Betrayer|TOHK_CountKiller
TOHK,TOHK_GrimReaper,死神,11,5,1,True,TOHK_GrimReaper
TOHK,TOHK_Madonna,マドンナ,10,4,2,True,TOHK_Madonna|TOHK_MadonnaLovers
TOHK,TOHK_MadonnaLovers,マドンナラバーズ,10,4,2,True,TOHK_Madonna|TOHK_MadonnaLovers
TOHK,TOHK_Amanojaku,天邪鬼,11,3,2,True,TOHK_Amanojaku|TOHK_Vulture
TOHK,TOHK_Workaholic,ワーカホリック,12,3,2,True,TOHK_Workaholic|TOHK_Fox
TOHK,TOHK_Monochromer,モノクラー,10,3,2,True,TOHK_Monochromer|TOHK_SantaClaus
TOHK,TOHK_Jackaldoll,ジャッカルドール,13,2,1,True,TOHK_Jackaldoll
TOHK,TOHK_JackalAlien,ジャッカルエイリアン,8,4,2,True,TOHK_JackalWolf|TOHK_JackalAlien
TOHK,TOHK_DoppelGanger,ドッペルゲンガー,13,5,1,True,TOHK_DoppelGanger
TOHK,TOHK_MassMedia,マスメディア,9,5,1,True,TOHK_MassMedia
TOHK,TOHK_Banker,バンカー,11,4,2,True,TOHK_Banker|TOHK_BakeCat
TOHK,TOHK_BakeCat,バケネコ,10,3,2,True,TOHK_Egoist|TOHK_BakeCat
TOHK,TOHK_PhantomThief,怪盗,12,3,2,True,TOHK_PhantomThief|TOHK_Turncoat
TOHK,TOHK_CurseMaker,カースメーカー,12,4,2,True,TOHK_Remotekiller|TOHK_CurseMaker
TOHK,TOHK_Fox,妖狐,11,3,2,True,TOHK_Workaholic|TOHK_Fox
TOHK,TOHK_SantaClaus,サンタクロース,11,2,2,True,TOHK_PlagueDoctor|TOHK_SantaClaus
TOHK,TOHK_Vulture,ヴァルチャー,11,3,2,True,TOHK_DoppelGanger|TOHK_Vulture
TOHK,TOHK_Turncoat,裏切者,12,4,2,True,TOHK_PhantomThief|TOHK_Turncoat
TOHK,TOHK_Strawdoll,藁人形,10,4,2,True,TOHK_DoppelGanger|TOHK_Strawdoll
TOHK,TOHK_Missioneer,ミッショナー,11,4,2,True,TOHK_Missioneer|TOHK_LastNeutral
TOHK,TOHK_Fool,愚か者,10,3,1,True,TOHK_Fool
TOHK,TOHK_Driver,ドライバー,9,3,2,True,TOHK_Driver|TOHK_Assassin
TOHK,TOHK_Braid,ブレイド,11,3,2,True,TOHK_GuardMaster|TOHK_Braid
TOHK,TOHK_DriverandBraid,ドライバーとブレイド,10,5,2,True,TOHK_GuardMaster|TOHK_DriverandBraid
TOHK,TOHK_Assassin,アサシン,9,4,2,True,TOHK_Assassin|TOHK_Guesser
TOHK,TOHK_Merlin,マーリン,14,1,2,True,TOHK_Express|TOHK_Merlin
TOHK,TOHK_AssassinandMerlin,アサシンとマーリン,8,3,2,True,TOHK_AssassinandMerlin|TOHK_GhostRumour
TOHK,TOHK_Twins,双子,9,2,2,True,TOHK_Twins|TOHK_News
TOHK,TOHK_Faction,徒党,9,2,2,True,TOHK_Twins|TOHK_Faction
TOHK,TOHK_Vega,織姫,9,2,2,True,TOHK_Vega|TOHK_Altair
TOHK,TOHK_Altair,彦星,10,2,2,True,TOHK_Vega|TOHK_Altair
TOHK,TOHK_GM,ゲームマスター,10,1,1,True,TOHK_GM
TOHK,TOHK_OneWolf,一匹狼,11,2,1,True,TOHK_OneWolf
TOHK,TOHK_LastImpostor,ラストインポスター,9,2,2,True,TOHK_LastImpostor|TOHK_Tiebreaker
TOHK,TOHK_LastNeutral,ラストニュートラル,11,2,2,True,TOHK_Opportunist|TOHK_LastNeutral
TOHK,TOHK_Workhorse,ワークホース,11,2,1,True,TOHK_Workhorse
TOHK,TOHK_Ghostbuttoner,ゴーストボタナー,11,2,1,True,TOHK_Ghostbuttoner
TOHK,TOHK_GhostNoiseSender,ゴーストノイズセンダー,14,2,1,True,TOHK_GhostNoiseSender
TOHK,TOHK_GhostReseter,ゴーストリセッター,10,2,2,True,TOHK_GhostNoiseSender|TOHK_GhostReseter
TOHK,TOHK_GhostRumour,ゴーストルーモア,8,3,2,True,TOHK_AssassinandMerlin|TOHK_GhostRumour
TOHK,TOHK_DemonicTracker,デーモントラッカー,8,4,2,True,TOHK_DemonicTracker|TOHK_DemonicVenter
TOHK,TOHK_DemonicVenter,デーモンベンター,8,3,2,True,TOHK_DemonicTracker|TOHK_DemonicVenter
TOHK,TOHK_DemonicCrusher,デーモンクラッシャー,8,2,2,True,TOHK_DemonicCrusher|TOHK_DemonicSupporter
TOHK,TOHK_DemonicSupporter,デーモンサポーター,9,2,1,True,TOHK_DemonicSupporter
TOHK,TOHK_AsistingAngel,アシスティングエンジェル,10,3,2,True,TOHK_Faction|TOHK_AsistingAngel
TOHK,TOHK_Watching,ウォッチング,9,3,2,True,TOHK_Watching|TOHK_Guesser
TOHK,TOHK_Speeding,スピーディング,13,1,2,True,TOHK_Speeding|TOHK_MagicHand
TOHK,TOHK_Moon,ムーン,12,1,2,True,TOHK_Moon|TOHK_Clumsy
TOHK,TOHK_Guesser,ゲッサー,10,3,2,True,TOHK_Guesser|TOHK_Serial
TOHK,TOHK_Lighting,ライティング,13,1,2,True,TOHK_Lighting|TOHK_Powerful
TOHK,TOHK_Management,マネジメント,10,2,1,True,TOHK_Management
TOHK,TOHK_Connecting,コネクティング,14,1,2,True,TOHK_Connecting|TOHK_Stack
TOHK,TOHK_Serial,シリアル,9,3,2,True,TOHK_Guesser|TOHK_Serial
TOHK,TOHK_PlusVote,プラスポート,10,2,1,True,TOHK_PlusVote
TOHK,TOHK_Opener,オープナー,12,2,1,True,TOHK_Opener
TOHK,TOHK_Seeing,シーイング,12,2,1,True,TOHK_Seeing
TOHK,TOHK_Revenger,リベンジャー,12,1,2,True,TOHK_Revenger|TOHK_Guarding
TOHK,TOHK_Autopsy,オートプシー,12,2,1,True,TOHK_Autopsy
TOHK,TOHK_Tiebreaker,タイブレーカー,10,1,2,True,TOHK_Tiebreaker|TOHK_AntiTeleporter
TOHK,TOHK_Guarding,ガーディング,11,1,1,True,TOHK_Guarding
TOHK,TOHK_MagicHand,マジックハンド,13,2,1,True,TOHK_MagicHand
TOHK,TOHK_AntiTeleporter,アンチテレポーター,10,1,2,True,TOHK_Tiebreaker|TOHK_AntiTeleporter
TOHK,TOHK_Powerful,パワフル,13,2,1,True,TOHK_Powerful
TOHK,TOHK_Stack,スタック,14,1,2,True,TOHK_Connecting|TOHK_Stack
TOHK,TOHK_SlowStarter,スロースターター,10,2,1,True,TOHK_SlowStarter
TOHK,TOHK_NonReport,ノンレポート,12,2,2,True,TOHK_NonReport|TOHK_Clumsy
TOHK,TOHK_Notvoter,ノットヴォウター,10,3,2,True,TOHK_Notvoter|TOHK_Elector
TOHK,TOHK_Elector,イレクター,10,3,2,True,TOHK_Notvoter|TOHK_Elector
TOHK,TOHK_Water,ウォーター,11,3,2,True,TOHK_Water|TOHK_Slacker
TOHK,TOHK_Slacker,スラッカー,11,3,2,True,TOHK_Water|TOHK_Slacker
TOHK,TOHK_Clumsy,クラムシー,12,1,2,True,TOHK_Moon|TOHK_Clumsy
TOHK,TOHK_Transparent,トランスパレント,13,2,1,True,TOHK_Transparent
TOHK,TOHK_Amnesia,アムネシア,9,3,2,True,TOHK_Watching|TOHK_Amnesia
TOHK,TOHK_InfoPoor,インフォプアー,11,2,1,True,TOHK_InfoPoor
TOHK,TOHK_News,ニュース,12,2,1,True,TOHK_News
TOHK,TOHK_Sunglasses,サングラス,10,1,1,True,TOHK_Sunglasses
NOS,NOS_Agent,エージェント,11,1,2,True,NOS_Agent|NOS_Provocateur
NOS,NOS_Bait,ベイト,11,3,1,True,NOS_Bait
NOS,NOS_Comet,コメット,7,3,1,True,NOS_Comet
NOS,NOS_Doctor,ドクター,8,3,1,True,NOS_Doctor
NOS,NOS_Necromancer,ネクロマンサー,7,1,2,True,NOS_Necromancer|NOS_Sheriff
NOS,NOS_NiceGuesser,ナイスゲッサー,8,3,1,True,NOS_NiceGuesser
NOS,NOS_NiceTrapper,ナイストラッパー,7,3,1,True,NOS_NiceTrapper
NOS,NOS_Justice,ジャスティス,6,3,2,True,NOS_Justice|NOS_Mayor
NOS,NOS_Madmate,マッドメイト,8,1,1,True,NOS_Madmate
NOS,NOS_Mayor,メイヤー,7,3,2,True,NOS_Justice|NOS_Mayor
NOS,NOS_Phosphorus,ホスフォラス,8,3,2,True,NOS_Comet|NOS_Phosphorus
NOS,NOS_Provocateur,プロヴォケーター,11,2,2,True,NOS_Agent|NOS_Provocateur
NOS,NOS_Seer,シア,9,3,2,True,NOS_Phosphorus|NOS_Seer
NOS,NOS_Sheriff,シェリフ,8,1,2,True,NOS_Necromancer|NOS_Sheriff
NOS,NOS_BountyHunter,バウンティハンター,8,3,1,True,NOS_BountyHunter
NOS,NOS_Camouflager,カモフラージャー,8,3,1,True,NOS_Camouflager
NOS,NOS_Cleaner,クリーナー,10,1,2,True,NOS_Cleaner|NOS_Painter
NOS,NOS_EvilGuesser,イビルゲッサー,7,3,2,True,NOS_EvilGuesser|NOS_Guesser
NOS,NOS_EvilTrapper,イビルトラッパー,9,2,1,True,NOS_EvilTrapper
NOS,NOS_Jailer,ジェイラー,7,3,2,True,NOS_Jailer|NOS_Avenger
NOS,NOS_Morphing,モーフィング,9,2,1,True,NOS_Morphing
NOS,NOS_Painter,ペインター,9,1,2,True,NOS_Painter|NOS_Reaper
NOS,NOS_Raider,レイダー,8,3,2,True,NOS_Raider|NOS_Sniper
NOS,NOS_Reaper,リーパー,9,3,1,True,NOS_Reaper
NOS,NOS_Sniper,スナイパー,8,2,2,True,NOS_Raider|NOS_Sniper
NOS,NOS_Arsonist,アーソニスト,7,2,2,True,NOS_Arsonist|NOS_Plague
NOS,NOS_Jackal,ジャッカル,6,3,1,True,NOS_Jackal
NOS,NOS_Sidekick,サイドキック,8,1,1,True,NOS_Sidekick
NOS,NOS_Jester,ジェスター,8,3,2,True,NOS_Jester|NOS_Gambler
NOS,NOS_Vulture,ヴァルチャー,9,2,2,True,NOS_Vulture|NOS_Paparazzi
NOS,NOS_Guesser,ゲッサー,9,3,1,True,NOS_Guesser
NOS,NOS_Bloody,ブラッディ,7,2,1,True,NOS_Bloody
NOS,NOS_TieBreaker,タイブレイカー,10,1,2,True,NOS_TieBreaker|NOS_Damned
NOS,NOS_Lover,ラバー,7,2,1,True,NOS_Lover
NOS,NOS_Confused,コンフューズド,7,3,1,True,NOS_Confused
NOS,NOS_Damned,ダムド,8,2,2,True,NOS_Damned|NOS_Secret
NOS,NOS_Disclosure,ディスクロージャ,8,2,2,True,NOS_Confused|NOS_Disclosure
NOS,NOS_ExtraMission,追加ミッション,8,2,1,True,NOS_ExtraMission
NOS,NOS_Avenger,アヴェンジャー,7,1,2,True,NOS_Guesser|NOS_Avenger
NOS,NOS_Obsessional,オブセッショナル,7,1,1,True,NOS_Obsessional
NOS,NOS_Secret,シークレット,11,0,2,True,NOS_Damned|NOS_Secret
NOS,NOS_Trilemma,トリレンマ,7,1,2,True,NOS_Obsessional|NOS_Trilemma
NOS,NOS_Snatcher,スナッチャー,10,2,2,True,NOS_Cleaner|NOS_Snatcher
NOS,NOS_Gambler,ギャンブラー,9,1,2,True,NOS_Gambler|NOS_Paparazzi
SNR,SNR_RocketLauncher,ロケットランチャー,9,4,2,True,SNR_RocketLauncher|SNR_Slugger
SNR,SNR_Orpheus,オルフェウス,7,2,2,True,SNR_Necromancer|SNR_Orpheus
SNR,SNR_Tasker,タスカー,10,5,1,True,SNR_Tasker
NOS,NOS_Dancer,ダンサー,7,3,2,True,NOS_Dancer|NOS_Tyrant
SNR,SNR_Moira,モイラ,8,3,2,True,SNR_FalseAccuser|SNR_Moira
ExR,ExR_Xion,シオン,7,0,2,True,ExR_Dove|ExR_Xion
ExR,ExR_SpecialCrew,スペシャルクルー,9,2,1,True,ExR_SpecialCrew
ExR,ExR_Inspector,インスペクター,6,2,2,True,ExR_Echo|ExR_Inspector
NOS,NOS_Clog,クロッグ,8,2,2,True,NOS_Clog|NOS_Hallucination
NOS,NOS_Hallucination,ハルシネーション,7,2,2,True,NOS_Clog|NOS_Hallucination
NOS,NOS_Grudge,グラッジ,9,2,2,True,NOS_Vulture|NOS_Grudge
NOS,NOS_Lumine,ルーミン,8,1,2,True,NOS_Lumine|NOS_Poltergeist
NOS,NOS_Poltergeist,ポルターガイスト,6,2,2,True,NOS_Lumine|NOS_Poltergeist
NOS,NOS_Noiseghost,ノイズゴースト,7,2,1,True,NOS_Noiseghost
SNR,SNR_RemoteSheriff,リモートシェリフ,6,4,2,True,SNR_Sheriff|SNR_RemoteSheriff
SNR,SNR_GhostMechanic,亡霊整備士,7,3,1,True,SNR_GhostMechanic
SNR,SNR_Kunoichi,クノイチ,8,4,1,True,SNR_Kunoichi
SNR,SNR_Magaziner,マガジナー,11,5,1,True,SNR_Magaziner
SNR,SNR_Thief,泥棒,11,1,2,True,SNR_Rocket|SNR_Thief
SNR,SNR_OverKiller,オーバーキラー,10,3,2,True,SNR_SideKiller|SNR_OverKiller
SNR,SNR_Jammer,ジャマー,8,3,2,True,SNR_Camouflager|SNR_Jammer
SNR,SNR_EvilMoving,イビルムービング,8,2,2,True,SNR_Orpheus|SNR_EvilMoving
SNR,SNR_Mafia,マフィア,9,5,1,True,SNR_Mafia
SNR,SNR_Slugger,スラッガー,8,4,2,True,SNR_WaveCannon|SNR_Slugger
SNR,SNR_Vampire,ヴァンパイア,8,4,1,True,SNR_Vampire
SNR,SNR_SilverBullet,シルバーバレット,12,3,2,True,SNR_SilverBullet|SNR_Ika
SNR,SNR_Psychometrist,サイコメトラー,8,4,1,True,SNR_Psychometrist
SNR,SNR_MadTeruteru,マッドてるてる,7,1,2,True,SNR_BlackCat|SNR_MadTeruteru
SNR,SNR_Ika,イカ,12,3,2,True,SNR_Psychometrist|SNR_Ika
SNR,SNR_WillMessenger,遺言伝達者,13,1,2,True,SNR_Bait|SNR_WillMessenger
SNR,SNR_ElectionManager,選挙管理委員,8,2,2,True,SNR_Tenbin|SNR_ElectionManager
SNR,SNR_Moving,ムービング,13,3,2,True,SNR_Ika|SNR_Moving
SNR,SNR_NiceRedRidingHood,ナイス赤ずきん,10,3,1,True,SNR_NiceRedRidingHood
SNR,SNR_WolfPossessed,狼憑き,11,3,1,True,SNR_WolfPossessed
SNR,SNR_JackalFriends,ジャッカルフレンズ,8,2,2,True,SNR_Sidekick|SNR_JackalFriends
SNR,SNR_ModifierWolfPossessed,モディファイア狼憑き,7,2,2,True,SNR_ModifierSpelunker|SNR_ModifierWolfPossessed
SNR,SNR_Fukurou,フクロウ,8,3,2,True,SNR_Bomber|SNR_Fukurou
SNR,SNR_Sauna,サウナー,8,4,1,True,SNR_Sauna
SNR,SNR_ThreeLittlePigs,三匹の仔豚,7,3,2,True,SNR_Maguro|SNR_ThreeLittlePigs
SNR,SNR_Frankenstein,フランケンシュタイン,9,4,1,True,SNR_Frankenstein
NOS,NOS_DyingMessage,DyingMessage,9,0,2,True,NOS_DyingMessage|NOS_Nighty
NOS,NOS_Nighty,Nighty,10,2,1,True,NOS_Nighty
NOS,NOS_Opportunist,オポチュニスト,7,3,1,True,NOS_Opportunist
NOS,NOS_YokaiFox,妖狐,5,3,1,True,NOS_YokaiFox
NOS,NOS_ChainShifter,チェインシフター,7,1,2,True,NOS_Noiseghost|NOS_ChainShifter
NOS,NOS_Paparazzi,パパラッチ,8,3,2,True,NOS_Gambler|NOS_Paparazzi
NOS,NOS_Plague,プレイグ,7,2,2,True,NOS_Arsonist|NOS_Plague
NOS,NOS_Scarlet,スカーレット,7,3,2,True,NOS_Gambler|NOS_Scarlet
NOS,NOS_Tyrant,タイラント,7,3,2,True,NOS_Dancer|NOS_Tyrant
NOS,NOS_Vanity,ヴァニティ,6,2,1,True,NOS_Vanity
